{"times": [3.814697265625e-06, 1.1631417274475098, 2.3163788318634033, 3.453821897506714, 4.602312803268433, 5.7384397983551025, 6.878347873687744, 8.018215894699097, 9.158835887908936, 10.295777082443237, 11.433180809020996, 12.573465824127197, 13.712727069854736, 14.863046884536743, 16.005246877670288, 17.236024856567383, 18.44374704360962, 19.631173849105835, 20.772820949554443, 21.91062092781067, 23.048069953918457, 24.186009883880615, 25.324939012527466, 26.46587896347046, 27.69067692756653, 28.933061838150024], "cpu": [0.0, 0.0, 46.7, 46.0, 46.0, 45.1, 43.5, 44.0, 44.4, 44.5, 43.5, 43.3, 44.0, 45.2, 45.2, 43.5, 46.8, 45.2, 46.9, 46.8, 44.8, 44.7, 45.8, 45.8, 44.7, 47.7], "memory": [65.0, 65.0, 65.3, 65.4, 65.2, 65.1, 64.9, 64.5, 64.3, 64.3, 64.0, 64.0, 63.8, 63.9, 63.9, 63.5, 63.5, 63.6, 63.3, 63.3, 62.9, 62.7, 62.4, 62.4, 62.5, 62.6], "gpu": [0, 0, 0, 0, 0, 0, 0, 0, 0, 0, 0, 0, 0, 0, 0, 0, 0, 0, 0, 0, 0, 0, 0, 0, 0, 0]}